id,email,password_hash,salt,firstname,lastname,role,created_at,last_login
1,admin@marketflow.com,d83e9b1d6f232788cf472892a2d4b312ddc31dd46329bb96e13694738f67bfa5,6ef7758c11a565937cefe2cd3376a4761c9610a1d69e2fc81967ff39bd2f50b5,Admin,Système,admin,2025-12-17T12:57:57.563548,2025-12-17T13:18:07.231960
2,vendeur1@marketflow.com,f6a340362fcca6fd1db1e0868f732159aae81ae43015f9171ff358a8e0f66506,f8a7f77b3b8eddbeb975be3b13f0900fedc151425ad294ebce0f6d2e82783fa8,Pierre,Martin,seller,2025-12-17T12:57:57.564258,2025-12-17T13:19:25.274605
3,vendeur2@marketflow.com,b37c0797e9eb58ce8e420e9f64a953142153d144093e8a26065bd9444dc3f764,6489e038b7a7940171f96712e623c3c37ba57cf013cea0510e76173fa1f228df,Sophie,Durand,seller,2025-12-17T12:57:57.564922,
4,balt.no@gmail.com,afb17ac30999d26dcfeec34c67d998ec82cb89d17d0d86d9358e2f72d7c651f9,8f6c1683da62c7865d0f24e06301317e50b4d7a63c07a5ab60f96f95d7666efe,Balt,no,client,2025-12-17T13:02:17.039097,
5,lc@gmail.com,92ef47e4f217db4a14607a77b9430d8ecd7a9a3fa2a3a4273e20ba25a2041a7b,e5f8ed00102198d0f40a3af91f0d6911f169c1a94b4fc1e66132000ec33c3e49,Lukas,Crdr,client,2025-12-17T13:11:55.976300,
